{"single_doc_success_rate": 0.4875, "single_doc_reciprocal_rank": 0.3057167658730159, "single_doc_avg_precision": 0.3057167658730159, "_timestamp": 1719427356.330624, "_runtime": 152.55992603302002, "_step": 0, "_wandb": {"runtime": 152}}