{"single_doc_success_rate": 0.46, "single_doc_reciprocal_rank": 0.28983015873015877, "single_doc_avg_precision": 0.28983015873015877, "multipaper_sentences_map@10": 0.027629249229317535, "multipaper_sentences_ndcg@10": 0.05325070942281229, "multipaper_sentences_recall@10": 0.061130723784412304, "multipaper_sentences_map@50": 0.035014499035350366, "multipaper_sentences_ndcg@50": 0.08927687843394652, "multipaper_sentences_recall@50": 0.16689034607308476, "multipaper_sentences_map@100": 0.036658364724064856, "multipaper_sentences_ndcg@100": 0.10536217674754901, "multipaper_sentences_recall@100": 0.22886141803391077, "_timestamp": 1719934729.24015, "_runtime": 463.1558270454407, "_step": 0, "_wandb": {"runtime": 462}}