{"single_doc_success_rate": 0.825, "single_doc_reciprocal_rank": 0.5506547619047619, "single_doc_avg_precision": 0.5506547619047619, "multi_doc_map": 0.05158941211321236, "multi_doc_ndcg": 0.1283430530246273, "multi_doc_recall@k": 0.11205204237162045, "multi_doc_precision@k": 0.10379746835443036, "multi_doc_f1@k": 0.10157950814415602, "_timestamp": 1719599629.5295072, "_runtime": 88.31904721260071, "_step": 0, "_wandb": {"runtime": 88}}