{"single_doc_success_rate": 0.828, "single_doc_reciprocal_rank": 0.725, "single_doc_avg_precision": 0.725, "multi_doc_10": {"map": 0.017533995127009254, "ndcg": 0.04435717708106032, "recall@k": 0.05121195694778162, "precision@k": 0.03104838709677419, "f1@k": 0.034011692670599274}, "multi_doc_50": {"map": 0.021656419381280635, "ndcg": 0.06819651036092848, "recall@k": 0.11104865359986556, "precision@k": 0.016774193548387096, "f1@k": 0.027923570577528957}, "multi_doc_100": {"map": 0.022886584111622626, "ndcg": 0.0823402342738627, "recall@k": 0.15570706286852742, "precision@k": 0.012096774193548387, "f1@k": 0.021900623973183157}, "_timestamp": 1719927022.430401, "_runtime": 167.25077104568481, "_step": 0, "_wandb": {"runtime": 166}}