{"single_doc_success_rate": 0.68, "single_doc_reciprocal_rank": 0.48103015873015875, "single_doc_avg_precision": 0.48103015873015875, "multi_doc_map": 0.04924245712116202, "multi_doc_ndcg": 0.11081182275501426, "multi_doc_recall@k": 0.10488729805121215, "multi_doc_precision@k": 0.07580645161290323, "multi_doc_f1@k": 0.07942689312847463, "_timestamp": 1719850886.225945, "_runtime": 2292.9291520118713, "_step": 0, "_wandb": {"runtime": 2292}}