{"single_doc_success_rate": 0.46875, "single_doc_reciprocal_rank": 0.3016790674603175, "single_doc_avg_precision": 0.3016790674603175, "_timestamp": 1719427634.308224, "_runtime": 178.55356287956238, "_step": 0, "_wandb": {"runtime": 178}}