{"single_doc_success_rate": 0.704, "single_doc_reciprocal_rank": 0.49754603174603174, "single_doc_avg_precision": 0.49754603174603174, "multi_doc_map": 0.03870683230703717, "multi_doc_ndcg": 0.09461170344679344, "multi_doc_recall@k": 0.08729765014613054, "multi_doc_precision@k": 0.06975806451612904, "multi_doc_f1@k": 0.07089916598704236, "_timestamp": 1719608249.020001, "_runtime": 274.480761051178, "_step": 0, "_wandb": {"runtime": 274}}