{"single_doc_success_rate": 0.64, "single_doc_reciprocal_rank": 0.45393015873015885, "single_doc_avg_precision": 0.45393015873015885, "multi_doc_map": 0.032049706319049034, "multi_doc_ndcg": 0.07475323541720602, "multi_doc_recall@k": 0.0718020409042393, "multi_doc_precision@k": 0.052822580645161286, "multi_doc_f1@k": 0.055205695624761644, "_timestamp": 1719858529.133027, "_runtime": 802.1718921661377, "_step": 0, "_wandb": {"runtime": 801}}