{"single_doc_success_rate": 0.46875, "single_doc_reciprocal_rank": 0.3016790674603175, "single_doc_avg_precision": 0.3016790674603175, "_wandb": {"runtime": 155}}