{"total_loss": 0.2227695882320404, "reconstruction_loss": 0.1914825737476349, "auxiliary_loss": 1.001184344291687, "dead_latents_proportion": 0.0, "l0_norm": 64, "step": 2636, "_timestamp": 1720621601.2086148, "_runtime": 836.1602728366852, "_step": 2635}