{"loss": 0.3679558038711548, "step": 1205, "_timestamp": 1720465267.916995, "_runtime": 990.4725501537323, "_step": 1204, "_wandb": {"runtime": 990}}