{"single_doc_success_rate": 0.684, "single_doc_reciprocal_rank": 0.46967777777777775, "single_doc_avg_precision": 0.46967777777777775, "multipaper_sentences_map@10": 0.04952608022540795, "multipaper_sentences_ndcg@10": 0.10585302813257093, "multipaper_sentences_recall@10": 0.10887610494081083, "multipaper_sentences_map@50": 0.06773987519153396, "multipaper_sentences_ndcg@50": 0.1715448614597973, "multipaper_sentences_recall@50": 0.27054396126749064, "multipaper_sentences_map@100": 0.0719055368778664, "multipaper_sentences_ndcg@100": 0.19884249628472184, "multipaper_sentences_recall@100": 0.35818671002200414, "_timestamp": 1719942498.375595, "_runtime": 1480.5485320091248, "_step": 0, "_wandb": {"runtime": 1480}}