{"single_doc_success_rate": 0.704, "single_doc_reciprocal_rank": 0.49754603174603174, "single_doc_avg_precision": 0.49754603174603174, "multipaper_sentences_map@10": 0.04337145911278264, "multipaper_sentences_ndcg@10": 0.09387213990557715, "multipaper_sentences_recall@10": 0.09486816451522333, "multipaper_sentences_map@50": 0.0586277188877758, "multipaper_sentences_ndcg@50": 0.15063389148634238, "multipaper_sentences_recall@50": 0.23433540381187437, "multipaper_sentences_map@100": 0.06228679885558821, "multipaper_sentences_ndcg@100": 0.17601416975558154, "multipaper_sentences_recall@100": 0.31570117464235115, "_timestamp": 1719942799.3822982, "_runtime": 221.18189215660095, "_step": 0, "_wandb": {"runtime": 220}}