{"single_doc_success_rate": 0.704, "single_doc_reciprocal_rank": 0.49754603174603174, "single_doc_avg_precision": 0.49754603174603174, "multi_doc_map": 0.05170661792662071, "multi_doc_ndcg": 0.1285493082967152, "multi_doc_recall@k": 0.11205204237162045, "multi_doc_precision@k": 0.10379746835443036, "multi_doc_f1@k": 0.10157950814415602, "_timestamp": 1719605746.734385, "_runtime": 188.8139090538025, "_step": 0, "_wandb": {"runtime": 188}}