{"single_doc_success_rate": 0.84, "single_doc_reciprocal_rank": 0.7353444444444445, "single_doc_avg_precision": 0.7353444444444445, "multi_doc_map@10": 0.04859755938888623, "multi_doc_ndcg@10": 0.10783746162577494, "multi_doc_recall@10": 0.10282407112665005, "multi_doc_map@50": 0.06403202290197102, "multi_doc_ndcg@50": 0.16146834188996262, "multi_doc_recall@50": 0.24034365721487003, "multi_doc_map@100": 0.0670378474001783, "multi_doc_ndcg@100": 0.18185755923883692, "multi_doc_recall@100": 0.3028680843393456, "_timestamp": 1719932357.099089, "_runtime": 3861.573751926422, "_step": 0, "_wandb": {"runtime": 3861}}