{"single_doc_success_rate": 0.3875, "single_doc_reciprocal_rank": 0.248390376984127, "single_doc_avg_precision": 0.248390376984127, "multi_doc_map": 0.015655920979822692, "multi_doc_ndcg": 0.04000371716562756, "multi_doc_recall@k": 0.03368114986692798, "multi_doc_precision@k": 0.03164556962025317, "multi_doc_f1@k": 0.03140445022327689, "_timestamp": 1719511293.438983, "_runtime": 270.5832350254059, "_step": 0, "_wandb": {"runtime": 270}}