{"single_doc_success_rate": 0.46, "single_doc_reciprocal_rank": 0.28983015873015877, "single_doc_avg_precision": 0.28983015873015877, "multipaper_sentences_map@10": 0.026387109310442643, "multipaper_sentences_ndcg@10": 0.056603065173606484, "multipaper_sentences_recall@10": 0.058327172827172834, "multipaper_sentences_map@50": 0.033537427289919236, "multipaper_sentences_ndcg@50": 0.09211878374318527, "multipaper_sentences_recall@50": 0.14663662220132806, "multipaper_sentences_map@100": 0.03521281154014075, "multipaper_sentences_ndcg@100": 0.10768608140717555, "multipaper_sentences_recall@100": 0.19767082133552719, "_timestamp": 1719942257.047955, "_runtime": 368.5765700340271, "_step": 0, "_wandb": {"runtime": 368}}