{"single_doc_success_rate": 0.46, "single_doc_reciprocal_rank": 0.28983015873015877, "single_doc_avg_precision": 0.28983015873015877, "multi_doc_map": 0.017533995127009254, "multi_doc_ndcg": 0.04435717708106032, "multi_doc_recall@k": 0.05121195694778162, "multi_doc_precision@k": 0.03104838709677419, "multi_doc_f1@k": 0.034011692670599274, "_timestamp": 1719607928.942255, "_runtime": 299.01572012901306, "_step": 0, "_wandb": {"runtime": 298}}