{"single_doc_success_rate": 0.4875, "single_doc_reciprocal_rank": 0.3057167658730159, "single_doc_avg_precision": 0.3057167658730159, "_wandb": {"runtime": 150}}