{"total_loss": 0.3033570349216461, "reconstruction_loss": 0.26244816184043884, "auxiliary_loss": 1.3090838193893433, "dead_latents": 25169, "step": 2660, "_timestamp": 1720467488.512022, "_runtime": 2201.699438095093, "_step": 2659, "_wandb": {"runtime": 2214}}