{"total_loss": 0.36486726999282837, "reconstruction_loss": 0.32587698101997375, "auxiliary_loss": 1.247688889503479, "dead_latents": 25787, "step": 1326, "_timestamp": 1720466379.886743, "_runtime": 1093.0741591453552, "_step": 1325}