{"single_doc_success_rate": 0.876, "single_doc_reciprocal_rank": 0.7216095238095238, "single_doc_avg_precision": 0.7216095238095238, "multipaper_sentences_map@10": 0.05036670494201306, "multipaper_sentences_ndcg@10": 0.10234919818675578, "multipaper_sentences_recall@10": 0.10231594679829974, "multipaper_sentences_map@50": 0.06792440427614005, "multipaper_sentences_ndcg@50": 0.16314344956996507, "multipaper_sentences_recall@50": 0.24875889861772213, "multipaper_sentences_map@100": 0.07177001828606652, "multipaper_sentences_ndcg@100": 0.18496770328747392, "multipaper_sentences_recall@100": 0.3184531409766704, "_timestamp": 1720462848.833181, "_runtime": 2449.3104248046875, "_step": 0, "_wandb": {"runtime": 2448}}