{"single_doc_success_rate": 0.828, "single_doc_reciprocal_rank": 0.725, "single_doc_avg_precision": 0.725, "multi_doc_10": {"map": 0.04890642926409775, "ndcg": 0.10833234812679851, "recall@k": 0.10337056599536977, "precision@k": 0.08024193548387097, "f1@k": 0.08275179601948085}, "multi_doc_50": {"map": 0.06440667697553687, "ndcg": 0.16327407222619159, "recall@k": 0.2443180407403683, "precision@k": 0.04048387096774194, "f1@k": 0.0668705717611943}, "multi_doc_100": {"map": 0.0672529344704785, "ndcg": 0.18287120607456459, "recall@k": 0.30474784059169874, "precision@k": 0.02544354838709677, "f1@k": 0.04595746176945408}, "_timestamp": 1719867859.4038668, "_runtime": 1954.3664078712463, "_step": 0, "_wandb": {"runtime": 1953}}