Run Name,Single Doc Score,Multi Doc Score,Runtime,Norm Single Doc Score,Norm Multi Doc Score,Superscore (No Time Penalty),Superscore (Time Penalty)
HyDECohereRerank,0.7702,0.16957722253171986,2003.9908828735352,0.34627620779836177,0.3106376042227526,0.3225171387479556,0.3217133006942558
BaseHyDE,0.5411185185185184,0.1558909616002449,1480.5485320091248,0.2432828727110623,0.28556662332656774,0.2714720397880659,0.27123414350600544
BaseSemanticSearch,0.5663640211640212,0.1366345467747885,221.18189215660095,0.2546330634667728,0.250292035867274,0.2517390450671069,0.25172125853724137
BagOfWordsDateFiltered,0.3465534391534392,0.08379776609205533,368.5765700340271,0.15580785602380323,0.15350373658340563,0.1542717763968715,0.15425713973647456
