{"single_doc_success_rate": 0.84, "single_doc_reciprocal_rank": 0.7353, "single_doc_avg_precision": 0.7353, "multipaper_sentences_map@10": 0.054794527810088034, "multipaper_sentences_ndcg@10": 0.11383917253380298, "multipaper_sentences_recall@10": 0.11714561321031908, "multipaper_sentences_map@50": 0.07443273282098949, "multipaper_sentences_ndcg@50": 0.1853590508843671, "multipaper_sentences_recall@50": 0.29143504861151914, "multipaper_sentences_map@100": 0.07967529502950567, "multipaper_sentences_ndcg@100": 0.21721578580475812, "multipaper_sentences_recall@100": 0.39229777608012906, "_timestamp": 1719937203.941144, "_runtime": 2003.9908828735352, "_step": 0, "_wandb": {"runtime": 2003}}