{"single_doc_success_rate": 0.46, "single_doc_reciprocal_rank": 0.28983015873015877, "single_doc_avg_precision": 0.28983015873015877, "multi_doc_map@10": 0.017533995127009254, "multi_doc_ndcg@10": 0.04435717708106032, "multi_doc_recall@10": 0.05121195694778162, "multi_doc_map@50": 0.021656419381280635, "multi_doc_ndcg@50": 0.06819651036092848, "multi_doc_recall@50": 0.11104865359986556, "multi_doc_map@100": 0.022886584111622626, "multi_doc_ndcg@100": 0.0823402342738627, "multi_doc_recall@100": 0.15570706286852742, "_timestamp": 1719928458.454669, "_runtime": 312.40022110939026, "_step": 0, "_wandb": {"runtime": 312}}