{"single_doc_success_rate": 0.828, "single_doc_reciprocal_rank": 0.7250380952380953, "single_doc_avg_precision": 0.7250380952380953, "multi_doc_map": 0.04824141313206115, "multi_doc_ndcg": 0.10701848033042184, "multi_doc_recall@k": 0.10184274628977492, "multi_doc_precision@k": 0.07822580645161291, "multi_doc_f1@k": 0.08113487202352458, "_timestamp": 1719860573.2691488, "_runtime": 3959.1255447864532, "_step": 0, "_wandb": {"runtime": 3958}}