{"single_doc_success_rate": 0.46, "single_doc_reciprocal_rank": 0.28983015873015877, "single_doc_avg_precision": 0.28983015873015877, "multi_doc_map": 0.02188982583322631, "multi_doc_ndcg": 0.05440792075351702, "multi_doc_recall@k": 0.04983723820822618, "multi_doc_precision@k": 0.04303797468354431, "multi_doc_f1@k": 0.04319308519591495, "_timestamp": 1719605960.3200629, "_runtime": 180.93574380874634, "_step": 0, "_wandb": {"runtime": 180}}